"DataSpider Servista のヘルプは、製品をインストールしないと確認できないでしょうか。","Q000","4"
"以下のエラーが発生して、Thunderbus Agent から Thunderbus Server に接続できません。確認するポイントを教えてください。javax.websocket.DeploymentException: Connection to 'wss://<ホスト名>:8443/ws/agent1/controll' failed. ","Q001","4"
"ひとつのトリガーにつき設定できるスクリプトはひとつだけですか？","Q002","4"
"Thunderbusのエージェントマネージャーで設定する表示名、ID には何文字まで登録できますか？また使用できない文字などがあれば教えてください。","Q003","4"
"JDBC アダプタや ODBC アダプタと、Oracle アダプタのように製品名がつくアダプタとの違いを教えてください。","Q004","4"
"Thunderbus Server をバージョンアップした場合、Thunderbus Agent のバージョンアップも必要ですか？","Q005","4"
"コンポーネントプールとは何ですか？","Q006","4"
"DataSpiderServer、DataSpider Studio が使用するポート番号をインストール後に変更をするにはどうすればよいですか?","Q007","4"
"作成したスクリプトを使いまわして処理を作成することはできますか？","Q008","4"
"ロジックアイコンの組み合わせを使いまわして処理を作成することはできますか？","Q009","4"
"本番環境、開発環境とで、Clientから接続するサーバを変更したい場合はどのように設定したらよいですか？","Q010","4"
"DataSpiderServer と、クライアントツール（DataSpider Studio や CLI Console など）で違うバージョンを使用することは可能ですか？","Q011","4"
"移行元と移行先でライセンスの内容が違うサーバ間で移行されたスクリプトの動作はどうなるか?","Q012","4"
"エンコードの種類を変更できるアダプタがありますが、対応している文字コードはリストに表示されているものだけですか？","Q013","4"
"プロジェクトのエクスポートの際、最新の履歴（バージョン）のみ　エクスポートすることはできますか？","Q014","4"
"サーバログが格納される｢server.log｣ファイル のファイルサイズの上限、及びバックアップ数を変更することはできますか？","Q015","4"
"スクリプト実行の際に独自のログを出力することはできますか？","Q016","4"
"スクリプトの実行ログはどこに出力されるのですか？","Q017","4"
"スクリプトのロックの機能はありますか？","Q018","4"
"サーバ移行機能でサーバ情報の移行をした場合、移行先のサーバの基本設定(IPアドレスなど)を設定しなおす必要がありますか？","Q019","4"
"DataSpiderをJavaのソースコード生成ツールとして利用することは可能ですか？","Q020","4"
"サービスに登録したプロジェクトの一覧を確認することはできますか？","Q021","4"
"親子スクリプトを実行した場合、実行ログはどのように出力されますか？","Q022","4"
"スクリプトのコンパイルはどのようなタイミングで実行されるか教えてください","Q023","4"
"｢Studio｣画面のタイトルバーにIPアドレスが表示されていますがどこのIPアドレスが表示されているのですか？","Q024","4"
"スクリプトキャンバスのグリッドは各スクリプトごとに設定するのですか？","Q025","4"
"｢外部アプリケーション起動｣で参照ボタンを押したときに表示されるディレクトリはサーバ側のディレクトリが表示されるのでしょうか？","Q026","4"
"DataSpiderServista の[ユーザID]や[パスワード]をインストール後に変更できますか？","Q027","4"
"インストールした後からでも、リポジトリDBを使用するように変更できますか？","Q028","4"
"実行できるSQL文に何か制約はありますか？","Q029","4"
"DataSpiderがインストールされているサーバ以外のサーバのディレクトリ、ファイルも連携対象にできますか？","Q030","4"
"マウントできないディレクトリはありますか？","Q031","4"
"更新系SQL実行処理にて3件中1件がエラーだった場合、エラーが発生しなかったレコードは更新されていますか？","Q032","4"
"[更新系SQL実行処理]で、エラーになったレコードをロールバックし、エラーが発生しなかったレコードだけをコミットすることは可能ですか？","Q033","4"
"データベースにカラムを追加した場合、Mapperで追加したカラムをデータ変換などに使っていないときでも、再度設定をしなおす必要はありますか？","Q034","4"
"読み取りパスワードが設定されたMS Excel ファイルを読むことはできますか？","Q035","4"
"マージマッパーで[文字列]-[演算]-[連結]アイコンを使用したところ、レスポンスが遅くなりました。対応方法はありますか？","Q036","4"
"入力データに半角文字が含まれているかどうか判別する方法はありますか？","Q037","4"
"DataSpider Serverは、Windowsのレジストリを使用していますか？使用している場合、どのような目的で使用していますか？","Q038","4"
"運用監視ソフト、Windowsのタスクで連携処理を管理したいのですが、バッチファイルからDataSpiderのスクリプトを直接起動する方法はありますか？","Q039","4"
"ファイルトリガーにて、有効期間（時間）を設定できますか？","Q040","4"
"「テーブル読み取り処理」の[テーブル名]に表示されていないテーブルがありました。[テーブル名]に表示されるテーブル名の数に上限はありますか？","Q041","4"
" Oracleなどのデータベースを使用した処理を作成する場合、必要なJDBCドライバは、サーバだけではなく、開発用クライアントすべてに登録する必要がありますか？","Q042","4"
"[検索系SQL実行]や[更新系SQL実行]を作成するときに、テーブル名とカラム名を動的に切り替えることはできますか？","Q043","4"
"商品の番号など、キーを元に条件にあったデータだけを抽出できますか？","Q044","4"
"1レコードの項目間の演算ではなく、たとえば全レコードの注文個数などを集計することはできますか？","Q045","4"
"仕様書を出力する機能はありますか","Q046","4"
"データベースのデータ型で対応していないものはありますか？","Q047","4"
"連番の採番をする方法を教えて下さい。","Q048","4"
"「外部アプリケーションの起動」アイコンで、外部の処理を実行するように設定した場合、指定した処理の戻り値を受け取ってから次の処理に移るようなスクリプトは作成できますか","Q049","4"
"ファイアウォールを挟んだリモート環境で DataSpider Studio を使って開発したいのですが、どのような環境を用意したら、リモートでメンテナンスできるでしょうか？","Q050","4"
"データベースより取得した項目名をそのままCSVの項目名にすることはできますか？","Q051","4"
"Excelアダプタの「書き込み」アイコンで書き込みを行う書き込み開始位置の指定はできますか？","Q052","4"
"外部アプリケーション起動処理で、アプリケーションを実行するユーザーを指定する方法を教えてください。","Q053","4"
"ExcelアダプタはUNIX、Linuxでも動作可能ですか？また、DataSpiderのサーバにOfficeがなくても動作可能ですか？","Q054","4"
"Mapper項目の自動マッピング機能はないのですか？","Q055","4"
"Excelの「書き込み」処理で「位置｣を動的に変更することはできますか？","Q056","4"
"「プロジェクト仕様書」のレイアウトは変更することは可能ですか？","Q057","4"
"開発したスクリプトを実行する場合は、DataSpider ServerとDataSpiderStudioは、両方立ち上げておかなければいけないのですか？","Q058","4"
"グローバルリソースなどにアクセス権限の設定はできますか","Q059","4"
"リポジトリDBが障害などで停止して再起動した場合、 DataSpiderServer も再起動した方が良いですか？","Q060","4"
"リポジトリDB有りでの運用の場合、リポジトリDBを起動停止の順番を教えてください。","Q061","4"
"開発用クライアントと実行用クライアントの違いはなんですか？","Q062","4"
"「-」、「～」、「∥」、「－」、「￠」、「￡」、「￢」を、エンコードを「Windows-31J」 「Shift-JIS」で指定して出力したときに「?」に文字化けしてしまいました。 対応策はありますか？","Q063","4"
"CLIConsoleでkillコマンドを実行しても、スクリプトの実行が中断されません。 中断されるタイミングを教えてください。","Q064","4"
"仮想環境（VMware、Virtual PCなど）上でのDataSpiderの利用はサポート対象でしょうか？","Q065","4"
"サーバ移行はバージョンの違う DataSpiderServer 同士での移行に利用できますか？","Q066","4"
"サーバ移行では、異なる OS 間の移行に対応していますか？例えば Windows 版 DataSpider から エクスポート して Linux 版 DataSpider に インポートできますか？","Q067","4"
"サーバ移行で移行される情報は何ですか？","Q068","4"
"Mapperで、XML型データソースにスキーマをセットする際、[スキーマファイルから読み込み]でDOCTYPE宣言があるDTDファイルを読み込んだところ、java.lang.IllegalStateException: you should check by canParse* method というエラーになりました。DataSpiderでDTDファイルを使用する場合の制限事項なのでしょうか。","Q069","4"
"[外部アプリケーション起動]アイコンで設定したアプリケーションが起動しません。起動するアプリケーションに制限はありますか。","Q070","4"
"Salesforceアダプタでは、Force.com で作成したテーブルやデータへアクセスすることはできますか？","Q071","4"
"StudioがインストールされていないマシンでもWebブラウザを使用してDataSpiderで設定した内容を確認することができますか？","Q072","4"
"DataSpider のアダプタで、Lotus Notes メールの送受信はできますか ?また、可能な場合、どのアダプタが必要でしょうか?","Q073","4"
"文字列に含まれる改行コードを別の文字列に置換するにはどうすればいいでしょうか？","Q074","4"
"DataSpiderから出力される$DATASPIDER_HOME/server/logs/下のロールアップ設定を変更することができますか？","Q075","4"
"Oracle RAC環境に接続することは可能ですか？","Q076","4"
"パラレルストリーミング処理を適用していない既存のスクリプトを、パラレルストリーミング処理に変更したい場合、どのように設定すれば よいのでしょうか。","Q077","4"
"Windowsのネットワークディレクトリをマウント設定しようとすると、以下のエラーが発生してマウント設定が追加できません。java.io.FileNotFoundException原因と対処方法を教えてください。","Q078","4"
"メールアダプタを使用した送受信で以下のエラーが発生しました。原因と回避策を教えてください。","Q079","4"
"DataSpiderServer のサービスを停止する場合、実行中のスクリプトがあるか確認したいのですが方法はありますか。","Q080","4"
"スクリプトを実行すると PoolNotDefinedException: [name=type=production]] というエラーが発生して処理が失敗します。原因を教えてください。","Q081","4"
"修正したプロジェクトを以前に保存したときの状態に復元することはできますか？","Q082","4"
"SAP EICS のイベント登録で以下のエラーが発生して登録することができませんでした。原因を教えてください。com.librados.eics.exception.EICSException: naming_exception","Q083","4"
"DataSpiderServer をインストールしているマシンにセキュリティソフトを導入した場合、注意点はありますでしょうか？","Q084","4"
"マッピングの処理を作成していますが、アイコンの数が多くなり処理内容が見づらくなってしまいました。見やすくする方法はありますか？","Q085","4"
"$DATASPIDER_HOME/server/logs/ に出力されていた 「server.error.log」 の内容が消えていました。「server.error.log」 は特定のタイミングで作成し直されるのでしょうか。その場合、作成し直されるタイミングを教えてください","Q086","4"
"「テーブル読み取り処理」、「テーブル書き込み処理」のプロパティから、「テーブル名」 を選択すると、「プロパティーの更新に失敗しました」 と表示されます。原因と対処法を教えてください。","Q087","4"
"OSの管理者権限ユーザにて DataSpiderServer をインストールした後、OS の一般ユーザで DataSpiderServer を起動しようとすると、以下のエラーが出力され、DataSpiderServer を起動することができません。原因と対処方法を教えてください。Caused by: java.io.FileNotFoundException: $DATASPIDER_HOME/ファイル名 (アクセスが拒否されました。)","Q088","4"
"Excelのシートにヘッダー部と明細部の分かれているフォーマットのシートがあります。それぞれのヘッダー部と明細部データを読み込みたい場合、どのような 指定が可能ですか？","Q089","4"
"ノーツ式読み取り処理の「ノーツ関数式」には、何が指定できますか？","Q090","4"
"Lotus Notesアダプタの処理で、以下のエラーメッセージが発生して処理が失敗します。原因および対応方法を教えてください。[STATUS:413] 要求により操作を停止しました.。","Q091","4"
"Dr.Sum EA アダプタの Datalizer 読み取り処理は、Dr.Sum EA Datalizer製品の DrSum EA Datalizer for Excelに対応していますか？","Q092","4"
"CSVアダプタの読み取り・書き込み処理に関する、レコード長、レコード数、レコード内のカラム数の仕様を教えてください。","Q093","4"
"Linux、Unix環境にDataSpiderServerをインストールする時にターミナルなどのCUIのみでのサイレントインストールは可能ですか？","Q094","4"
"Mapperのツールパレットに「グループ化」アイコンが表示される時と されない時があります。どんな時に表示されるのか教えてください。","Q095","4"
"DataSpider をバージョンアップした場合、SAPとの接続に使用している SAPEICS もバージョンアップが必要ですか？","Q096","4"
"FTPアダプタの[更新]処理でパーミッションエラーが発生して書き込みを行えなかったのですが、スクリプト実行はエラーになりませんでした。理由を教えてください。","Q097","4"
"稼働監視の一環として、DataSpiderServer がリポジトリ DBに接続できているか確認したいと考えています。確認する方法を教えてください。","Q098","4"
"Windows x64 など、Windows x86 以外の環境で Access アダプタを使用する方法を教えてください。","Q099","4"
"DBトリガーの設定を行った後に「完了」ボタンが押せません。考えられる原因を教えてください。","Q100","4"
"DataSpider Servista のログが大量に出力され、ディスクを圧迫しています。対処方法を教えてください。","Q101","4"
"ダウンロードしたパッチを解凍して、ドキュメントに記載されているモジュールがすべて含まれているか確認したところ、特定の環境で解凍した場合にファイルが足りないことがありました。原因を教えてください。","Q102","4"
"SQLServerアダプタの[ストアドプロシージャ実行]処理で、以下のエラーが発生しました。原因を教えてください。[exec_procedure]の処理に失敗しました。原因:[java.lang.UnsupportedOperationException]","Q103","4"
"オプションアダプタのを使用するために、インストールやパッチを適用しましたが、「新しいグローバルリソースの追加」画面で、アダプタで使用するグローバルリソースが表示されません。原因と対処方法を教えてください。","Q104","4"
"スクリプトをデザイナで編集したのに、トリガーに反映されません。原因と対処法を教えてください。","Q105","4"
"[ファイル]-[ファイル操作]-[ファイル名一覧取得]アイコンで「ファイル名一覧をソート」を指定した場合、ファイル名はどのようにソートされるのでしょうか。","Q106","4"
"DataSpiderServer を別のプラットフォームに移行する手順を教えてください。","Q107","4"
"ドメインユーザーアカウント(管理者権限)にてDataSpiderクライアントをインストールしましたが、別ユーザ(管理者権限)で同じ端末にログインするとWindowsのスタートメニューにDataSpiderが表示されていませんでした。本事象についての対処方法について教えてください。","Q108","4"
"あるスクリプトに作成したスクリプト変数を、同じプロジェクト内の他のスクリプトでも使用することはできますか？","Q109","4"
"Oracle アダプタの [ストアドプロシージャ実行] で、Oracle ストアドファンクション の戻り値として BOOLEAN 型は使えますか。","Q110","4"
"Dr.Sum アダプタの[テーブル書き込み(insert)]、[テーブル追加書き込み]処理で以下のエラーが発生します。原因と対処方法を教えてください。jp.co.dw_sapporo.drsum_ea.DWException: Error code(＜10桁以上の半角英数字＞)","Q111","4"
"DataSpider Servista を最新のバージョンにバージョンアップする方法を教えてください。","Q112","4"
"SQL Server にリポジトリDBを作成してDataSpiderServerを起動したところリポジトリ DB 無しで起動されました。server.log を確認したところ、「|WARN|ds.kernel.mgr.db|データベースへの接続に失敗しました。リポジトリDB無しの状態で起動されます。」と出力されています。原因と対応策を教えてください。","Q113","4"
"Mapper内の[実行ID]アイコンで取得できる値や、マイログで確認できる実行IDは一意でしょうか。","Q114","4"
"Excelブックを「シートからの読み取り」アイコンを使って読み取ろうとしたところ、以下のエラーが発生しました。原因と対処法を教えてください。jxl.read.biff.PasswordException: jxl.read.biff.PasswordException:The workbook is password protected","Q115","4"
"DataSpiderServer への root ユーザのログインパスワードを失念してしまいました。パスワードの初期化はできますか。","Q116","4"
"ZIP形式の圧縮ファイルは、「ZIP解凍」処理で対応できますが、ZIP形式以外のファイルは解凍できますか。","Q117","4"
"サーバマシンとクライアントマシン間にファイアウォールがあるためポートを開放する必要があります。DataSpiderのサーバ-クライアント間の通信で使用するポートを教えてください。","Q118","4"
"DataSpider Servista には、Server Package(Advanced Server Package、Basic Server Package)、Select など複数のパッケージ製品がありますが、これまで使用していたパッケージと異なるパッケージを使用する場合、どのように移行すればよいか教えてください。","Q119","4"
"Windows 7、Windows Server 2008 R2 に Windows x64版のDataSpider Studio（バージョン 2.4.x ）をインストールしたところ、マイログの[テキスト形式でダウンロード]やエクスポート機能で処理の停止またはエラーが発生しました。原因と回避策を教えてください","Q120","4"
"Lotus DominoアダプタやLotus Notesアダプタの[ビュー読み取り]処理でプロパティの｢キー設定｣に複数のキーが存在する場合には、どのような条件で読み取りが行われますでしょうか。","Q121","4"
"それまで正常に終了していたスクリプトで処理対象のデータ件数を多くしたところ、以下のようなエラーが発生し、スクリプトの実行が失敗するようになりました。原因と対応策を教えてください。・java.lang.OutOfMemoryError: Java heap space・java.lang.OutOfMemoryError: GC overhead limit exceeded","Q122","4"
"ファイアウォールで接続先のURLをあらかじめ登録しておく必要があります。Salesforce アダプタを使用する際に接続するURL、ポート番号について教えてください。","Q123","4"
"DataSpider Servista をインストールする前に Java をインストールする必要がありますか。また必要な場合、バージョンについても教えてください。","Q124","4"
"HTTP トリガーを使用してスクリプトを起動したところ 408 Request Timeout（リクエストタイムアウト）が発生して、戻り値を受け取ることができませんでした。HTTP トリガー側のリクエストタイムアウトの設定値と延長する方法を教えてください。","Q125","4"
"暗号化形式（MD5など）を指定して、データを暗号化したいという要望があります。Mapper の暗号化ロジック、復号化ロジックでどのような暗号化形式を使用しているか教えてください。","Q126","4"
"DataSpider Servista 2.1.1 の環境を、最新バージョンにアップグレードした後、デザイナから 2.1.1 で作成していたスクリプトのバージョンを戻そうとしたところ、更新日時が 1970/01/01 09:00:00 になっていました。原因を教えてください。","Q127","4"
"Mapper の入力元や出力先で扱えるスキーマのカラム数に上限はありますか","Q128","4"
"同一の OSの場合、32bit版DataSpiderで作成したプロジェクト、スクリプトを64bit版DataSpiderでも利用可能でしょうか？また、その逆の場合も利用可能でしょうか？","Q129","4"
"EICSのビジネスメソッド登録を行う際、Business Method Properties 画面で BAPI 名の検索が可能ですが、正式なBAPI名称で検索すると表示されませんでした。 この検索機能では、何か制限があるのでしょうか?","Q130","4"
"スクリプト実行時にエラー（ScriptNotFoundException）が発生したり、DataSpider Studio が接続できなくなったりする問題が不定期に発生しています。サーバログ、サーバ標準エラー出力を確認したところ、以下のようなエラーが出力されていました。原因と対応策について教えてください。java.lang.OutOfMemoryError: PermGen spacejava.lang.OutOfMemoryError: Metaspace","Q131","4"
"HTTPトリガーの結果データをCSVファイルでダウンロードしたい。","Q132","4"
"スクリプトを作成しましたが、想定よりパフォーマンス（処理速度）が遅くて困っています。確認するポイントを教えてください。","Q133","4"
"Windows OS を使用しています。セキュリティパッチを適用した場合は、サポート対象となりますか？","Q134","4"
"DataSpiderServer の 「タスクマネージャ」の「パフォーマンス」の情報をファイルとして定期的に保存したいです。ファイルに出力する方法を教えてください。","Q135","4"
"リポジトリDBに関する仕様制限・注意事項として、「使用するデータベースのインスタンスはリポジトリDB専用とし、他システムでの使用は行わないでください。」と記載があります。他システムとインスタンス共用した環境では、サポートは受けられますか。","Q136","4"
"Excel アダプタ で Excel に値を書き込んだ後、セルに設定した式に応じて再計算を実行させたいです。可能でしょうか？","Q137","4"
"ヒープサイズの最大値には、最大でどれくらいのサイズを設定できるでしょうか。","Q138","4"
"SAP BCアダプタは DataSpider Servista のトランザクションに参加できるのでしょうか。","Q139","4"
"マウント設定数の上限はありますか。","Q140","4"
"連携予定の FTP サーバで使用できる FTP コマンドに制限があります。FTP アダプタで使用している FTP コマンドを確認する方法はありますか？","Q141","4"
"アダプタを追加でインストールする場合の手順と、注意点についてを教えてください。","Q142","4"
"マッパーで要素名とインデックスを編集したところ、データが取得できなくなりました。 確認するべき点を教えてください。","Q143","4"
"[スクリプト呼び出し]処理で、文字列型の入力変数を指定し、その入力値を null と設定した場合、呼び出し先のスクリプトでは、設定したスクリプト変数の値が null ではなく 空文字 となりました。null のまま渡す方法を教えてください。","Q144","4"
"ファイルトリガーが発火し、監視していたファイルがスクリプト内で読み込まれましたが、読み込まれたデータが途中で切れていたため処理がエラーとなりました。原因と対応策を教えてください。","Q145","4"
"Excelアダプタの[シートから読み取り]処理で[読み取り終了条件を指定]で終了条件を設定していたにも関わらず、最後まで読み込んでしまいました。既知の問題のDSS-9008、DSS-11800には、該当しないことを確認しています。原因と対応方法を教えて下さい。","Q146","4"
"Windows 64bit 版で DataSpiderServer x64 版を起動してタスクマネージャのプロセスを確認すると、DataSpiderServer.exe のプロセス名に（*32）という文字が付いています。32bit アプリケーションとして動作しているのでしょうか？","Q147","4"
"DataSpider Servista のオンラインヘルプにある以下のリンク先が無効となっており、参照できませんでした。参照先を教えてください。・サポートされているエンコーディング・使用可能な正規表現パターン・日時フォーマッティングで使用している SimpleDateFormat・keytool - 鍵と証明書の管理ツール","Q148","4"
"パッチ適用時に問題が発生したため、バックアップしているモジュールから元に戻しました。しかし、バージョン情報を確認したところ、「適用済みパッチ情報リスト」に元に戻したはずのパッチが表示されています。モジュールが元に戻っていないのでしょうか？","Q149","4"
"DataSpider Studio を使用していて、ときどきセッション数の制限により、ログインできないことがあります。原因と対応策を教えてください。","Q150","4"
"DataSpider Servista は Java を使用しているとのことですが、他の Java アプリケーションがインストールされている環境で使用しても、影響はないでしょうか？","Q151","4"
"Studio のエクスプローラにある「ローカルへのダウンロード」や、コントロールパネルから実行する設定のエクスポート時に呼び出す「ディレクトリの選択」画面で、「[+] コンピュータ」を押下後、画面表示まで時間がかかります。","Q152","4"
"Lotus Domino アダプタで、ヘルプにある「環境設定」と「ライブラリのインストール」を実施しましたが、接続テストで以下のエラーが発生します。原因と対応策を教えてください。4062: Could not open Notes session","Q153","4"
"マイログからログを参照しようとしたところ、以下のエラーが発生してログビューアが開きません。org.xml.sax.SAXParseException: An invalid XML character (Unicode: 0x0) was found in the CDATA section.","Q154","4"
"データベース系のアダプタの[テーブル読み取り]処理のプロパティ設定で、接続先をセットした後、対象のテーブルを一覧から選択しようとしたところ、接続先DBに存在しているにもかかわらず表示されないテーブルがあります。 手動で入力すると、抽出テストは成功します。対応方法を教えてください。","Q155","4"
"cli.log のローテーションの設定方法を教えてください。","Q156","4"
"プロジェクトの保存時に以下のエラーメッセージが出てプロジェクトが保存できません。調査のために必要な情報を教えてください。プロジェクトの保存に失敗しました。com.appresso.ds.script.project.ProjectException: エントリの保存に失敗しました。id=xxxxxx","Q157","4"
"Mapperのロジックアイコンに環境変数は使用可能でしょうか？ ヘルプを確認しましたが、スクリプト変数の記載はありましたが、環境変数の記載はありません。","Q158","4"
"x64版 DataSpider Servista の ODBC アダプタで、64bit 版 ODBC データソースに接続したところ、以下のエラーが発生しました。原因と対処方法を教えて下さい。[Microsoft][ODBC Driver Manager] 文字列またはバッファーの長さが無効です。","Q159","4"
"DataSpiderServer が稼動しているサーバのホスト名を変更する場合の手順について教えてください。再インストール等は必要でしょうか。","Q160","4"
"Salesforce アダプタを使用して1948年から1951年の日付のデータを登録した場合に、日付が1日ずれることがあります。原因と対応策を教えてください。","Q161","4"
"要件は確定しているのですが、スクリプトやトリガーなどをどのように開発・設定したらよいかわかりません。このような場合は、どう問い合わせをしたらいいでしょうか？","Q162","4"
"固定長アダプタで読み込んだファイルを、データベースのテーブルに書き込もうとしたところ、以下のエラーが発生しました。「String型からBigDecimal型に変換できませんでした」テーブルの該当カラムは、数値型でNullデータの保存は許容しています。また、Maaperのロジックアイコンでトリム後に、Null値を０に変換するとエラーは回避できますが、トリムで空白を除外した場合にはエラーとなります。エラーの原因と対応方法を教えてください。","Q163","4"
"既存のサービスが存在するプロジェクトを修正しました。サービスを再登録して反映させたいのですが、該当のサービスが実行されている場合、実行される内容は途中から切り替わってしまうでしょうか？","Q164","4"
"添付ファイルの付いた HTML形式のメールをメールアダプタで受信すると、添付ファイル以外のファイルが出力されます。原因を教えてください。","Q165","4"
"プロジェクト数に上限はありますか？　また、プロジェクト数が多い場合は、少ない場合と比較してどのような影響があるでしょうか？","Q166","4"
"DataSpiderServer.laxのメモリ割り当て値(ヒープサイズ)を変更したところ、以下のエラーメッセージが表示されてDataSpiderServerの起動に失敗しました。原因と対応方法を教えてください。Error occurred during initialization of VMCould not reserve enough space for object heapCould not create the Java virtual machine.","Q167","4"
"root 以外のユーザは、グローバルリソースの設定を変更できないようにしたいのですが、どのように設定すればよいでしょうか？","Q168","4"
"DataSpider Studio をあたらしくインストールした端末で、以下の事象が発生しています。原因と対応策を教えてください。・スクリプトのデバック実行時に、デバッグ情報や実行履歴、実行ログの情報が表示されない　（ただし、ログを確認するとスクリプト自体は正常に実行されている）・ブレークポイントを設定しても処理が停止しない・マイプロジェクト、デザイナが、一回目に開いたときにだけ遅くなる","Q169","4"
"JDBCアダプタで、専用のアダプタがないDB に接続しようとしたところ、以下のエラーが発生して接続できません。原因と対応策を教えてください。java.lang.ClassNotFoundException","Q170","4"
"CLIバッチの実行結果をファイルに出力することはできますか？","Q171","4"
"バージョンアップ作業時に、サービスを起動したまま旧バージョンをアンインストールして、新バージョンをインストールした後で、OS を再起動したところ、新規にインストールした環境のモジュールの一部が無くなっていました。原因はなんでしょうか？","Q172","4"
"スケジュールトリガー、ファイルトリガーが、スクリプトを起動する条件を満たしても、スクリプトが開始されませんでした。原因と対処方法を教えてください。","Q173","4"
"DataSpiderServerをサービス起動していますが、サービス起動のステータスが”開始”となってもStudioでログインに失敗する場合があります。DataSpiderServerは、何をもって起動完了と判断すれば良いのでしょうか？","Q174","4"
"DataSpider Studio から設定のエクスポートを実行した場合は、ZIP ファイルが正常に作成できますが、CLI から exp コマンドを実行した場合、java.lang.OutOfMemoryError エラーが発生して作成されません。原因と対応策を教えてください。","Q175","4"
"接続対象のデータベースをバージョンアップする予定があるのですがグローバルリソースも変更する必要がありますか。変更した場合、そのグローバルリソースを使用しているスクリプトも修正が必要ですか。","Q176","4"
"Mapperのロジックアイコンで、数値⇒演算　の処理アイコン（足し算、引き算、掛け算、割り算、余り）に「丸め処理」項目があり、選択できる８つの処理が有ります。それぞれどの様な処理結果となるのでしょうか？具体的な処理例があれば提示ください。","Q177","4"
"スクリプトの処理速度を向上させる方法として、CPUのコア数を増やした方が良いのでしょうか？それともクロック数を上げた方が良いのでしょうか？","Q178","4"
"DBトリガーでは、監視対象のテーブルにロックを行っていますでしょうか。","Q179","4"
"HTTPトリガーにてスクリプトを実行しており、アクセス数の制御のため、実行されるスクリプトの同時実行数を設定したいと考えています。DataSpider Servista にて、スクリプト毎の同時実行数を設定することはできますか。","Q180","4"
"リポジトリDBを使用しているDataSpiderServerのバックアップ方法について教えて下さい。OSのファイルシステムで確認すると、$DATASPIDER_HOME\server\etc 等はファイルが見えません。リポジトリDBのバックアップを取れば、DataSpiderServerの設定の全てがバックアップされますでしょうか。","Q181","4"
"Salesforce アダプタの処理を実行中に、以下のエラーが発生しました。原因と対応策を教えてください。SalesforceのAPIがエラーを返しました。エラーコード:[QUERY_TIMEOUT] エラーメッセージ:[Your query request was running for too long.]","Q182","4"
"テスト用プロジェクトと本番用プロジェクトで接続先が異なるため、別々のグローバルリソースを使用しています。同じ接続先を指定しているアイコンの接続先を一括で変換することはできますか？","Q183","4"
"追加でアダプタを購入して、ライセンスファイルを入手しました。このライセンスファイルをどのように使用すればいいのでしょうか？また、新しいライセンスファイルを正しく使用できていることを確認する方法も教えてください。","Q184","4"
"脆弱性の問題について調査を行っています。DataSpider では OpenSSL のモジュールを使用しているか教えてください。","Q185","4"
"最大同時実行数以上のスクリプトを実行した場合、どのような動作になりますか。また、注意事項があれば教えてください。","Q186","4"
"スケジュールトリガー(インターバル)を以下の内容で設定しましたが、実行時間 開始の 10:00 ではなく 11:00 にスクリプトが起動しました。なぜ、実行時間 開始の 10:00 に起動しなかったのでしょうか[設定内容]実行間隔：02:00:00実行時間 開始：10:00実行時間 終了：16:00","Q187","4"
"Lotus Notes アダプタで処理を実行中に、以下のエラーが発生しました。com.appresso.notes.NotesException: [STATUS:2567] ネットワークの処理が適当な時間内に完了しませんでした。リトライしてください。上記のエラーについてインターネットで検索を行ったところ、IBMのサイトに、NRPC トランザクション使用時に上記エラーが発生するとの記載がありました。・7.2 NRPC トランザクションがタイムアウトしてしまう問題http://www-01.ibm.com/support/docview.wss?uid=swg21464215Lotus Notes アダプタではNRPC トランザクションを使用しておりますでしょうか。","Q188","4"
"Salesforce のバージョンアップ（例：Winter '13 → Spring '14）にともなって、Salesforce アダプタで作成した処理に影響はありますか？","Q189","4"
"JDBC アダプタでテーブル名一覧にテーブルがまったく表示されません。JDBC ドライバ側の仕様を確認するために、JDBC アダプタがどのような方法でテーブル名を取得しているか教えてください。","Q190","4"
"HTTPトリガーでスクリプトを実行し、終了ステータスをブラウザ上で確認したいのですが方法はありますか。","Q191","4"
"[スクリプト呼び出し]で他のスクリプトを呼び出しているスクリプト（親スクリプト）と呼び出されているスクリプト（子スクリプト）が同一のフォルダにあります。このフォルダをコピーして、別のプロジェクトにペーストしたところ、ペーストした先のプロジェクトで、親スクリプトにある子スクリプトの出力変数を変換する Mapper のマッピングが外れていました。原因と対応方法を教えてください。","Q192","4"
"運用途中のシステムのAdministratorユーザのパスワードを変更した際のDataSpider Servista への影響度をご教示願います。","Q193","4"
"Dr.Sum EA の テーブル追加書き込み処理 のコンポーネント変数（戻り値）に、「count」と「insert_count」の２つがありますが、同じ値がセットされます。２つの変数の違いは、なんでしょうか。","Q194","4"
"Web アダプタ、Web サービスアダプタ、REST アダプタで、接続先と通信している内容の詳細を確認したいと考えています。方法はありますか？","Q195","4"
" Web サービスアダプタで問題が発生しました。どのような方法で問題を切り分けていけばよいでしょうか。","Q196","4"
"スクリプトを実行したところ、以下のエラーが発生しました。以下のエラーはどのような場合に出力されますか。 また確認する項目があれば教えてください。java.net.SocketException: Connection reset by peer: socket write error.またはjava.net.SocketException: Software caused connection abort: recv failed","Q197","4"
"スクリプトが実行中のまま終了しない状況になりました。なぜこのような状況になるのでしょうか。確認方法を教えてください。","Q198","4"
"DBトリガーの設定でグローバルリソースの種別にテスト用を選択してもデフォルトの本番用を参照してしまいます。DBトリガーでは種別は使用できないのでしょうか。","Q199","4"
"現在使用している DataSpider Servista のバージョンが、いつまで問い合わせサポートを受けられるのが教えてください。","Q200","4"
"DataSpider Servista を 32bit 版から 64bit 版に変更したいと思っています。現在使用しているライセンスをそのまま使用して問題ないでしょうか？","Q201","4"
"$DATASPIDER_HOME/server/bin に、jrockit.****.dump というファイルが出力されて、DataSpider Servista のサービスが停止していました。（****には半角数字が入っています）原因と対応方法を教えてください。","Q202","4"
" DataSpider Servista のプロセスが停止していました。ログなどを見ても、特に原因と思われるエラーが出力されていません。原因と対応方法を教えてください。","Q203","4"
"DataSpiderServer のサービスが停止していました。確認するポイントを教えてください。","Q204","4"
"Dr.Sum EA アダプタの処理に失敗し、実行ログには以下のエラーが出力されていました。エラーの原因と対応方法を教えてください。jp.co.dw_sapporo.drsum_ea.DWException: サーバからの受信に失敗しました。","Q205","4"
"「Q073」にしたがって、DataSpiderServer の Windows サービスにおいて、[ログオン]タブにて[デスクトップとの対話をサービスに許可]を有効にしました。しかし、[外部アプリケーション起動]アイコンで設定したアプリケーションが起動しませんでした。他に対応策はありますか？","Q206","4"
"DataSpiderサーバの状況をserver.logで監視しようと考えています。出力される内容をある程度絞りたいのですが、設定する方法はありますか。","Q207","4"
"メモリ不足のエラーが発生した場合、サービスの稼働はどのような影響を受けるのでしょうか。","Q208","4"
"処理の実行時刻を出力するために、同一の Mapper 内で現在日時ロジックを一つだけ使用して、複数のスクリプト変数に現在日時をマッピングしています。しかしスクリプト変数によりセットされている時刻が変わります。同一の値をセットするためにはどうしたらよいでしょうか？","Q209","4"
"下記のようなエラーが発生しました。原因と回避策を教えてください。java.lang.Exception: Failed to compile script <ファイル名> 定数が多すぎます。","Q210","4"
"DataSpider Servista で、読み取り、または、書き込みができるデータ件数の上限はありますか。","Q211","4"
"ある期間内で実行されるスクリプトの回数を一定にしたいと考えています。スケジュールトリガーのインターバル設定で[スクリプト実行中の場合、終了後実行する]を指定した場合、スクリプトの処理の所要時間にかかわらず、実行回数は保証されますか。たとえばスクリプト実行中に次の実行のタイミングが来た場合、実行するべきスクリプトは待機扱いになり、実行可能な状態になったときに連続で実行されますか。","Q212","4"
"DataSpiderServer をインストール時に「サーバをWindowsサービスに登録する」を選択しませんでした。インストール後に登録する方法を教えてください。","Q213","4"
" 開発の手がかりとなるようなサンプルスクリプトを要望に合わせて作成していただきたいのですが、可能でしょうか？","Q214","4"
"[検索系SQL実行]または[更新系SQL実行]の「SQL文」の文字がグレーアウトします。原因と対応方法を教えてください。","Q215","4"
"スクリプトでエラーが発生しました。原因や対応策をどのように確認したらよいでしょうか？","Q216","4"
"エラーやレスポンス低下などの問題が発生した場合に、原因が DataSpider Servista、接続先のアプリケーション、環境のいずれにあるか、どのようにして確認すればよいでしょうか？","Q217","4"
"接続先のアプリケーションで発生しているエラーに関して、原因や対応策を教えてもらえますか？","Q218","4"
"データベースに接続しているアダプタや、リポジトリ DB に対して発行している SQL 文（クエリ）を確認する方法はありますか？","Q219","4"
"server.log に下記のメッセージが出力されます。原因と対応方法を教えてください。MM/dd HH:mm:ss|WARN|jxl.read.biff.NameRecord|Cannot read nameMM/dd HH:mm:ss|WARN|jxl.read.biff.WorkbookParser|Usage of a local non-builtin name","Q220","4"
"TLS のバージョンを指定するパッチモジュールを適用しました。想定通りに TLS のバージョンが変更されているのか確認したいのですが、DataSpider Servista 側で確認する方法はありますか？","Q221","4"
"FTP アダプタを使用していますが、FTP サーバーとの通信に失敗してエラーが発生しています。原因を確認するために、FTP アダプタの通信状況を出力する方法はありますか？","Q222","4"
"DataSpider Studio for Web のセッションタイムアウトの時間はデフォルトは30分ですが、この時間を変更することはできますか。","Q223","4"
"データベースアダプタではどのように文字コードを指定していますか。","Q224","4"
"以下のエラーが発生しました。java.sql.SQLException: ソケットから読み込むデータはこれ以上ありません。原因と対応方法を教えてください。","Q225","4"
"同一環境で、同じデータベース製品の複数の異なるバージョンが混在しています。JDBC アダプタを使用して同じデータベース製品の複数の異なるバージョンに対して接続するために、JDBC アダプタのライブラリインストール箇所に複数の JDBC ドライバを配置しましたが、いずれか一方しか認識されず、もう片方ではエラーが発生します。同じデータベース製品の複数の異なるバージョンに対して接続する方法はありますか？","Q226","4"
"kintone アダプタの[レコード追加]、[レコード更新]でプロパティのフィールド一覧に計算フィールドが表示されません。計算フィールドに値の登録や更新はできないのでしょうか。","Q227","4"
"Mapper でスクリプト変数から取得してロジックで変換した値を、入力元のスクリプト変数と、別のスクリプト変数に代入しました。結果を確認すると、同一のロジックから値を代入していても、別のスクリプト変数にはロジックによって複数回変換された値が代入されました。この動作は仕様でしょうか。例 : ・数値の場合スクリプト変数1　（値 : 0）ロジックによる変更 : 入力値に 1 を足す→ スクリプト変数1　（値 : 1）→ スクリプト変数2　（値 : 2）・文字列の場合スクリプト変数1　（値 : A）ロジックによる変更 : 入力値の最後に A を付与する→ スクリプト変数1　（値 : AA）→ スクリプト変数2　（値 : AAA）・日付の場合スクリプト変数1　（値 : 2016年）ロジックによる変更 : 入力値に 1 年足す→ スクリプト変数1　（値 : 2017年）→ スクリプト変数2　（値 : 2018年）","Q228","4"
"調査のために、javaVM の起動時にオプションを指定したいと考えています。どのように設定すればいいでしょうか？","Q229","4"
"アダプタで通信している際に以下の例外が発生しました。java.io.IOException: 既存の接続はリモート ホストに強制的に切断されました。原因を調査する方法を教えてください。","Q230","4"
"Salesforce アダプタで日付や日時のデータを登録する場合、タイムゾーンを指定して登録することができますか？","Q231","4"
"OS とは異なるタイムゾーンで DataSpiderServer を運用したいです。DataSpiderServer に固有のタイムゾーンを指定する方法はありますか？","Q232","4"
"入力データを元にXMLファイルを作成する際に、情報を持たないデータの場合は空のタグを出力しないようにしたいが方法を教えてほしい。","Q233","4"
"データを読み取った後、繰り返し(データ件数)を使用して各レコードに対して処理を設定しましたが、データが取得できませんでした。原因と対応策を教えてください。","Q234","4"
" DataSpider Servista Select のライセンスを購入しました。購入したアダプタ以外にも使える機能があるようですが、標準搭載している機能を教えてください。","Q235","4"
"ファイル操作アダプタで処理を実行中に、以下のエラーが発生しました。メッセージコード = FILE0008Ecom.appresso.ds.common.io.LocalFileOperationFailedException: OPERATION[delete] for <ファイルパス> 原因、対処方法を教えてください。","Q236","4"
" リポジトリDBで使用している容量を減らすため、使用しないデータを削除したいです。 リポジトリDBに保存されているデータを削除する方法を教えてください。 ","Q237","4"
"複数のファイルを監視対象に指定して、それぞれのファイルに対して、内容を読み取って変換するなどの処理を実行したいです。可能でしょうか？","Q238","4"
"Access からエクスポートなど、Excel 以外のツールで作成した Excel ファイルを読み取ったところ、想定通りの結果が得られませんでした。原因と対処方法を教えてください。","Q239","4"
"Active Directoryアダプタのユーザ検索で検索条件に何も設定せずに実行すると以下のエラーが発生しました。指定条件にマッチしたエントリの検索に失敗しました。原因と対処方法を教えてください。","Q240","4"
" CSV アダプタでファイルを読み取ろうとしていますが、想定している項目数と異なる項目数のファイルが存在する可能性があります。動作を確認したところ、設定と実際のファイルで項目数が異なる場合でも設定した項目の分だけ読み取って正常終了しました。この場合（設定と実際のファイルで項目数が異なる場合）にエラーにする処理は可能でしょうか。","Q241","4"
"XML 型のスキーマでデータを出力する際に、ある要素で名前空間を宣言した後、その要素の配下で同一の名前宣言を宣言しようとしましたが、配下のほうの要素には名前空間の値が出力できませんでした。原因と対処方法を教えてください。","Q242","4"
"MySQL アダプタを実行中または MySQL をリポジトリ DB に使用している環境で以下のエラーが発生しました。com.mysql.jdbc.PacketTooBigException: Packet for query is too large (＜通信しようとしたパケットの値＞ > ＜設定しているパケットの上限値＞). You can change this value on the server by setting the max_allowed_packet' variable.原因と対処方法を教えてください。","Q243","4"
"スクリプト実行時に以下のエラーが発生しました。java.net.SocketTimeoutException: Read timed out原因と対処方法を教えてください。","Q244","4"
"DB2 for i アダプタで書き込み処理を実行した際に、エラーコード : SQL7008 のエラーが発生します。原因と対処方法を教えてください。","Q245","4"
"複数人で開発するために、ユーザを追加しようとしています。管理者ユーザ（root）でログインしているにも関わらずコントロールパネルのユーザアカウントで追加・削除ボタンが押下できません。原因と対処方法を教えてください。","Q246","4"
"数値データ「10000」に3桁ごとのカンマ区切りを入れて、「10カンマ000」という形にしたいです。可能でしょうか？","Q247","4"
"バージョンアップをしたいのですが、追加費用は必要でしょうか？またモジュールなどはどのように入手すればよろしいでしょうか？","Q248","4"
"CSV アダプタでエンコードに「UTF8」を指定した場合の、BOM の扱いを教えてください。BOM 付きのファイルを読み取ることはできますか？また、ファイルを出力した場合、BOM は付与されますか？","Q249","4"
"Windows OS を Server Core インストールした環境にDataSpider Servista をインストールする際に、OS の GUI 管理ツールを追加する必要はありますか？","Q250","4"
"DBテーブルによる置換ロジックで項目名に日本語などのマルチバイトの文字を使っていると以下のエラーが発生します。java.lang.IllegalStateException: can't initialize logic原因と対処方法を教えてください。","Q251","4"
"kintone からアカウントの情報を取得するために、「User API」を使おうとしていますがAPI呼び出し処理を使っても、使用したい API が表示されません。kintone アダプタから User API を使用することはできないのでしょうか。","Q252","4"
"CSV ファイル読み取り処理で読み取った日時形式のデータに対して日時フォーマッティングロジックで形式を変換しようとしましたが、想定通りの結果にできませんでした。原因と対処方法を教えてください。","Q253","4"
"グローバルリソースで JDBC Proxy Server を指定した処理を実行した際に下記のエラーが発生しました。SQLRemoteException: サーバ側との通信中にエラーが発生しました。原因と対応方法を教えてください。","Q254","4"
"データベースやアプリケーションに接続して接続先でエラーが発生した場合に、処理のリトライを実行したいです。方法はありますか？","Q255","4"
" データベース系アダプタを使用して、データの読み取りや書き込みを設定したところ、以下のような事象が発生しました。・設定したカラムと異なるカラムからデータを読み取る・設定したカラムと異なるカラムにデータを書き込む原因と対処方法を教えてください。","Q256","4"
"kintone アダプタのレコード追加処理で、ファイルを添付したいです。どのように設定すればよいでしょうか。","Q257","4"
" スクリプト実行時に以下のエラーが発生しました。java.lang.IllegalStateException: can't initialize logic 原因と対処方法を教えてください。","Q258","4"
"DataSpider Studio for Web を使用しようとしましたが、ブラウザでタイムアウトが発生して表示されません。原因と対処方法を教えてください。","Q259","4"
"DataSpider Studio for Web を使用しようとしたところ、リターンコード「404」のエラーが発生しました。原因と対処方法を教えてください。","Q260","4"
"エンコードを指定できるアダプタ、ロジックでは、一覧に表示されるエンコード以外も指定できますか？","Q261","4"
"ファイル操作アダプタのコピー処理を実行するとタイミングによって、以下のエラーが発生します。java.io.FileNotFoundException: ＜ファイルパス＞原因と対処方法を教えてください。","Q262","4"
"Oracleアダプタの「テーブル名」に使用したいテーブルが表示されません。原因と対処方法を教えてください。","Q263","4"
"SAP BC アダプタの[インバウンド実行]処理で、以下のエラーが発生しました。RFCの送信に失敗しました。org.xml.sax.SAXParseException: The element type <要素名> must be terminated by the matching end-tag </<要素名>>.原因と対応策を教えてください。","Q264","4"
"SAPテーブルクエリアダプタの実行結果を確認する方法を教えてください。","Q265","4"
"Active Directoryアダプタを使用する場合、ドメインコントローラの証明書が必要ですが、サポートされる証明書の作成方法は、ヘルプ等に記載されている一つの作成方法だけですか？","Q266","4"
"デザイナのツールパレットに表示される一部のアダプタや処理名がすべて「REVISIT_FOR_I18N」と表示されています。原因と対処方法を教えてください。","Q267","4"
"SAP テーブルクエリアダプタのコンフィグレーションツールを使用しています。テスト実行で結果を CSV か TSV ファイルに出力するときに、出力文字コードが選択できますが、使いたい文字コードが選択肢の中にありません。出力文字コードで表示されていない文字コードで出力する方法はありますか？","Q268","4"
"DataSpider Studio のコントロールパネルで[グローバルリソースの設定]を選択するとハングアップして応答がなくなります。グローバルリソース以外の機能を選択した場合は、問題なく動作しています。原因と対応方法を教えてください。","Q269","4"
"以下の設定ファイルで指定することで、接続先への通信をプロキシサーバ経由にすることができますが、設定の影響範囲に含まれる（通信がプロキシサーバ経由になる）アダプタを教えてください。$DATASPIDER_HOME/server/conf/system.properties","Q270","4"
"外部の接続先に接続する際にプロキシサーバを経由する必要があります。このとき、認証が必要なプロキシサーバを使用することはできますか？","Q271","4"
"execログの PROJECT 項目の値が null で出力されることがあります。PROJECT 項目にはどのような値が出力されるのでしょうか。","Q272","4"
"バージョンアップや環境移行の際に、初回のサービス起動時にはトリガーを無効にして、スクリプトの動作確認をしてからトリガーを有効にしたいと考えています。移行の際にトリガーを無効にしておく方法はありますか。","Q273","4"
"Mapper で以下のエラーが発生しました。com.appresso.ds.vp.mapper.fastconverter.CannotConvertException: ＜列数＞列目でエラー発生 :Concatロジック - ＜変換前のデータ型＞型から＜変換後のデータ型＞型に変換できませんでした原因と対処方法を教えてください。","Q274","4"
"HTTP トリガーや Web サービストリガーを使用して、クライアントからリクエストを受け取る処理を作成しています。一度に複数のリクエストが送信される可能性がありますが、HTTP トリガーが受け付けることができるリクエストには上限がありますか。また、上限がある場合、それを変更できますか。","Q275","4"
"スケジュールトリガーのインターバル設定で[実行する時間の範囲を指定]して「起動制限」の[スクリプト実行中の場合、終了後実行する]を選択しています。スクリプトの実行時間が予想以上に長くなって[終了時刻]を大きく超えたところ、[終了時刻]を過ぎた後でも次のスクリプトが実行されていました。なぜ指定した範囲を過ぎてもスクリプトが実行されていたのでしょうか。","Q276","4"
"SQL Server に接続すると以下のエラーが発生します。 com.microsoft.sqlserver.jdbc.SQLServerException: ホスト <IPアドレス>、ポート 1433 への TCP/IP 接続が失敗しました。エラー: Connection refused: connect。接続プロパティを調べて、SQL Server のインスタンスがホスト上で実行されていて、ポートへの TCP/IP 接続が許可されており、そのポートへの TCP 接続がファイアウォールにブロックされていないことを確認してください。。 SQLServerのサーバのTCP/IPの設定とファイアーウォールなどを確認しましたが、原因がつかめません。 原因と対処方法を教えてください。","Q277","4"
"デザイナからスクリプトを実行すると execログにプロジェクト名ではなく「PROJECT=null」と出力されており、マイログから確認した場合、「サービス」の項目に「（デザイナからの実行です）」と表示されています。プロジェクト名を出力させる方法があれば教えてください。","Q278","4"
"文字列に含まれる特定の文字を削除したい。実現方法を教えてください。","Q279","4"
"リポジトリDB有りで開発した環境をリポジトリDB無しの環境に移行できますか。","Q280","4"
"外部アプリケーション起動処理から OS の環境変数を使用するアプリケーションを実行したところ、アプリケーションの環境変数の設定がされていないというエラーになりました。OS で環境変数の設定を行いましたがエラーが解消されませんでした。対処方法を教えてください。","Q281","4"
"ファイルトリガーを使用し、可変ファイル名のファイルが新規追加された際にスクリプトを実行させたい。開始ファイル名を「/data/webdav/*.xls」と設定したところ、拡張子が小文字(.xls)のファイルの場合はトリガーが発火したが、拡張子が大文字(.XLS)のファイルでは発火しなかった。なお、開始ファイルを「/data/webdav/*.XLS」で設定すると、拡張子が大文字(.XLS)のファイルのみ発火した。ファイル名の大文字小文字を区別せず、実行させる方法はありますか。","Q282","4"
"kintone からレコードを取得する際にチェックボックスで複数選択しても最初の1項目しか取得できません。取得方法を教えてください。","Q283","4"
"Salesforce アダプタを利用して大量のデータを投入します。処理完了までに時間を要することが予想されますが、処理の実行中にセッションタイムアウトした場合はどうなりますか。","Q284","4"
"リポジトリDB の使用容量が増えてきました。リポジトリDB の使用容量を減らす方法を教えてください。","Q285","4"
"Studio for Web を使用しています。マイログからテキスト形式でダウンロードを指定しても、ダウンロード先にファイルが作成されません。原因と回避策を教えてください。","Q286","4"
